{"PyFLowStyleSheet":{"BgColor":[[52,52,52,70]],"BgColorBright":[[82,82,82,255]],"BgColorDarker":[[50,50,50,255]],"BorderColor":[[10,10,10,255]],"ButtonsColor":[[60,60,60,255]],"CanvasBgColor":[[49,49,49,255]],"CanvasGridColor":[[39,39,39,99]],"CanvasGridColorDarker":[[29,29,29,255]],"CanvasSwitch":[[4]],"ConnectionMode":[[0]],"ConnectionRoundness":[[3.0]],"ConnectionSwitch":[[4]],"DrawNumbers":[[2]],"GridSizeFine":[[25.0]],"GridSizeHuge":[[100.0]],"InputFieldColor":[[28,28,28,255]],"LOD_Number":[[4]],"LoggerBgColor":[[35,35,35,255]],"MainColor":[[60,135,24,255]],"NodeSwitch":[[4]],"PinSwitch":[[4]],"SetAppStyleSheet":[[2]],"TextColor":[[227,227,227,255]],"TextSelectedColor":[[255,255,255,255]]}}