{"PyFLowStyleSheet":{"BgColorBright":[[82,82,82,255]],"ButtonsColor":[[60,60,60,255]],"LoggerBgColor":[[35,35,35,255]],"ConnectionOffset":[[26.0]],"BgColorDarker":[[50,50,50,255]],"NodeSwitch":[[4]],"DrawNumbers":[[0]],"MainColor":[[186,127,25,255]],"GridSizeFine":[[24.9766]],"GridSizeHuge":[[100.0]],"BgColor":[[53,53,53,255]],"CanvasSwitch":[[4]],"ConnectionRoundness":[[110.0]],"CanvasBgColor":[[35,35,35,255]],"BorderColor":[[10,10,10,255]],"InputFieldColor":[[32,32,32,255]],"TextColor":[[228,228,228,255]],"ConnectionSwitch":[[4]],"CanvasGridColor":[[20,20,20,100]],"TextSelectedColor":[[255,255,255,255]],"CanvasGridColorDarker":[[20,20,20,255]],"DrawGrid":[[1]],"ConnectionMode":[[1]],"LOD_Number":[[4]],"SetAppStyleSheet":[[2]],"PinSwitch":[[4]]}}