{"PyFLowStyleSheet":{"BgColor":[[171,171,171,255]],"BgColorBright":[[195,204,214,170]],"BgColorDarker":[[93,93,93,255]],"BorderColor":[[0,0,0,255]],"ButtonsColor":[[144,144,144,255]],"CanvasBgColor":[[149,149,149,255]],"CanvasGridColor":[[98,98,98,99]],"CanvasGridColorDarker":[[79,79,79,255]],"CanvasSwitch":[[4]],"ConnectionMode":[[0]],"ConnectionRoundness":[[6.0]],"ConnectionSwitch":[[4]],"DrawNumbers":[[0]],"GridSizeFine":[[10.0]],"GridSizeHuge":[[100]],"InputFieldColor":[[201,201,201,255]],"LOD_Number":[[4]],"LoggerBgColor":[[49,49,49,255]],"MainColor":[[99,144,154,255]],"NodeSwitch":[[4]],"PinSwitch":[[4]],"SetAppStyleSheet":[[2]],"TextColor":[[0,0,0,255]],"TextSelectedColor":[[0,0,0,255]]}}